operational_segment_name,Abandoned Vehicle,Blocked Driveway,Dirty Condition,HEAT/HOT WATER,Illegal Parking,Noise - Commercial,Noise - Residential,Noise - Street/Sidewalk,Street Condition,Traffic Signal Condition,UNSANITARY CONDITION,Water System
Segment B: High Recurrence / High Volume Segment | Illegal Parking | BROOKLYN,0.04890929965556831,0.11072330654420207,0.009322617680826636,0.04133180252583238,0.37526980482204364,0.031090700344431687,0.2083582089552239,0.06319173363949483,0.059081515499425946,0.029138920780711824,0.0008036739380022963,0.02277841561423651
Segment C: Long Response / Low Closure Segment | HEAT/HOT WATER | BROOKLYN,0.010005558643690939,0.03001667593107282,0.05943778289525927,0.49861033907726515,0.08187088064797904,0.012983403478122766,0.06579051854204716,0.017986182799968237,0.10585245771460335,0.017350909235289445,0.07841658064003812,0.0216787103946637
